timestamp,session_id,user_message,action,entry_type,amount,party_name,description,transaction_date,cheque_number,bank_text,category_hint
2026-09-02T22:59:51.886815,session_1788370303492_zzdczl8m0,261203000154 update amount 501,unparsed,,,,,,,,
2026-09-02T23:00:35.450063,session_1788370303492_zzdczl8m0,261203000154 update amount 501,unparsed,,,,,,,,
2026-09-03T19:15:38.339779,session_1788370303492_zzdczl8m0,update amount 502,unparsed,,,,,,,,
2026-09-03T20:52:03.890185,session_1788370303492_zzdczl8m0,"Received $8,750 from Medicare for Healthcare Services into HBL bank on 06/07/2026",create_transaction,CRV,8750.0,Medicare,Healthcare Services,2026-06-07,,HBL bank,Healthcare Services
2026-09-03T23:36:47.750524,session_1788370303492_zzdczl8m0,"Received $8,750 from Ali for EXPENSE/Website Development into HBL bank on 06/07/20",create_transaction,CRV,8750.0,Ali,EXPENSE/Website Development,2020-06-07,,HBL bank,EXPENSE/Website Development
2026-09-03T23:37:29.120197,session_1788370303492_zzdczl8m0,Received $950 from Ali for Healthcare Services into Bank of Amercia 9523 on 06/07/2026,create_transaction,CRV,950.0,Ali,Healthcare Services,2026-06-07,,Bank of Amercia 9523,Healthcare Services
2026-09-03T23:47:25.301244,session_1788370303492_zzdczl8m0,Received $1950 from Ali for Healthcare Services into Bank of Amercia 9523 on 06/07/2026,create_transaction,CRV,1950.0,Ali,Healthcare Services,2026-06-07,,Bank of Amercia 9523,Healthcare Services
2026-09-04T00:55:22.854587,session_1788465193656_tmcl909p5,add bank meezan 1234,help,,,,,,,,
2026-09-04T01:00:21.551355,session_1788465193656_tmcl909p5,"Received $4,120 from Aetna for Healthcare Services via Bank Meezan 1234",create_transaction,CRV,4120,Aetna,Healthcare Services,,,Bank Meezan 1234,Healthcare Services
2026-09-04T18:38:09.813858,session_1788525980298_qcrn85b59,"Received $8,750 from Medicare for Healthcare Services into Bank of Amercia 9523 on 06/07/2026",create_transaction,CRV,8750,Medicare,Healthcare Services,2026-06-07,,Bank of Amercia 9523,Healthcare Services
2026-09-04T18:38:10.796044,session_1788525980298_qcrn85b59,"Received $8,750 from Medicare for Healthcare Services into Bank of Amercia 9523 on 06/07/2026",create_transaction,CRV,8750,Medicare,Healthcare Services,2026-06-07,,Bank of Amercia 9523,Healthcare Services
2026-09-04T18:38:57.877818,session_1788525980298_qcrn85b59,Paid $850 to ALi for Healthcare Services into Bank of Amercia 9523 on 06/07/2026,create_transaction,CPV,850,Ali,Healthcare Services,2026-06-07,,Bank of Amercia 9523,Healthcare Services
2026-09-04T18:39:19.298021,session_1788525980298_qcrn85b59,"Received $8,750 from Medicare for Website Development into Bank of Amercia 9523 on 06/07/2026",create_transaction,CRV,8750,Medicare,Website Development,2026-06-07,,Bank of Amercia 9523,Website Development
2026-09-04T18:39:39.693249,session_1788525980298_qcrn85b59,"Received $8,750 from Medicare for Healthcare Services into Bank of Amercia 9523 on 06/07/2026",create_transaction,CRV,8750.0,Medicare,Healthcare Services,2026-06-07,,Bank of Amercia 9523,Healthcare Services
2026-09-04T20:50:33.943563,session_1788525980298_qcrn85b59,"Received $2,000 from Adobe Identity Verification Service LLC for Healthcare Services into Current Assets",create_transaction,CRV,2000.0,Adobe Identity Verification Service LLC,Healthcare Services,,,Current Assets,Healthcare Services
2026-09-04T20:51:02.133698,session_1788525980298_qcrn85b59,"Received $2,000 from Adobe Identity Verification Service LLC for Healthcare Services into UBL 1234",create_transaction,CRV,2000.0,Adobe Identity Verification Service LLC,Healthcare Services,,,UBL 1234,Healthcare Services
2026-09-04T21:19:29.154467,session_1788538734809_joqhqtfm5,"Received $2,000 from Adobe Identity Verification Service LLC for Website Development into UBL 1234",create_transaction,CRV,2000.0,Adobe Identity Verification Service LLC,Website Development,,,UBL 1234,Website Development
2026-09-04T21:19:39.513211,session_1788538734809_joqhqtfm5,"Received $2,000 from Adobe Identity Verification Service LLC for Healthcare Services into UBL 1234",create_transaction,CRV,2000.0,Adobe Identity Verification Service LLC,Healthcare Services,,,UBL 1234,Healthcare Services
2026-09-04T21:31:08.813991,session_1788539455864_5ps1j4aok,Received $2540 from Adobe Identity Verification Service LLC for Healthcare Services into UBL 1234,create_transaction,CRV,2540.0,Adobe Identity Verification Service LLC,Healthcare Services,,,UBL 1234,Healthcare Services
2026-09-04T23:17:53.541813,session_1788545720616_xbt21wjqc,Paid $450 to Handy Fix LLC for Repair and Maintenance from Bank of America 9523,create_transaction,CPV,450.0,Handy Fix LLC,Repair and Maintenance,,,Bank of America 9523,Repair and Maintenance
2026-09-04T23:18:14.294317,session_1788545720616_xbt21wjqc,Paid $450 to Handy Fix LLC for Repair and Maintenance from Bank of Amercia 9523,create_transaction,CPV,450.0,Handy Fix LLC,Repair and Maintenance,,,Bank of Amercia 9523,Repair and Maintenance
2026-09-04T23:19:05.372487,session_1788545720616_xbt21wjqc,Paid $550 to Handy Fix LLC for Repair and Maintenance from Bank of Amercia 9523,create_transaction,CPV,550.0,Handy Fix LLC,Repair and Maintenance,,,Bank of Amercia 9523,Repair and Maintenance
2026-09-04T23:20:05.443468,session_1788545720616_xbt21wjqc,Paid $550 to Handy Fix LLC for Repair and Maintenance from Bank of Amercia 9523,create_transaction,CPV,550.0,Handy Fix LLC,Repair and Maintenance,,,Bank of Amercia 9523,Repair and Maintenance
2026-09-04T23:21:52.605810,session_1788545720616_xbt21wjqc,Paid $550 to Handy Fix LLC for Repair and Maintenance from Bank Meezan 1234,create_transaction,CPV,550.0,Handy Fix LLC,Repair and Maintenance,,,Bank Meezan 1234,Repair and Maintenance
2026-09-04T23:23:52.850140,session_1788545720616_xbt21wjqc,Paid $550 to Handy Fix LLC for Other Than Restaurants 50% from Bank Meezan 1234,create_transaction,CPV,550.0,Handy Fix LLC,Other Than Restaurants 50%,,,Bank Meezan 1234,Other Than Restaurants 50%
2026-09-04T23:25:05.479410,session_1788546275946_sle75v653,Paid $550 to Handy Fix LLC for Other Than Restaurants 50% from Bank Meezan 1234,create_transaction,CPV,550.0,Handy Fix LLC,Other Than Restaurants 50%,,,Bank Meezan 1234,Other Than Restaurants 50%
2026-09-07T18:56:59.585434,session_1788789280961_57gipq7se,update 7-june-2026,unparsed,,,,,,,,
2026-09-07T18:58:40.515368,session_1788789280961_57gipq7se,7/june/26,unparsed,,,,,,,,
2026-09-07T19:16:32.926393,session_1788789280961_57gipq7se,Bank account EasyPaisa,unparsed,,,,,,,,
2026-09-07T19:16:48.855837,session_1788789280961_57gipq7se,Bank account EasyPaisa,unparsed,,,,,,,,
2026-09-07T20:59:39.900098,session_1788789280961_57gipq7se,update 7/6/26,unparsed,,,,,,,,
2026-09-07T21:00:11.288097,session_1788789280961_57gipq7se,update 6/7/26,unparsed,,,,,,,,
2026-09-07T21:16:36.996667,session_1788789280961_57gipq7se,"Received $659.25 from John Smith for REVENUE/Healthcare Services, cheque 8891",create_transaction,CRV,659.25,John Smith,REVENUE/Healthcare Services,,8891,,REVENUE/Healthcare Services
2026-09-07T21:17:18.977054,session_1788789280961_57gipq7se,Received $659.25 from John Smith for REVENUE/Healthcare Services on meezan Bank 1234,create_transaction,CRV,659.25,John Smith,REVENUE/Healthcare Services on meezan Bank 1234,,,,REVENUE/Healthcare Services on meezan Bank 1234
2026-09-07T21:17:40.423301,session_1788789280961_57gipq7se,Received $659.25 from John Smith for REVENUE/Healthcare Services on bank of amercia 9523,create_transaction,CRV,659.25,John Smith,REVENUE/Healthcare Services on bank of amercia 9523,,,,REVENUE/Healthcare Services on bank of amercia 9523
2026-09-07T21:18:14.342704,session_1788789280961_57gipq7se,"Received $8,750 from Medicare for Healthcare Services into Bank of Amercia 9523 on 06/07/2026",create_transaction,CRV,8750.0,Medicare,Healthcare Services,2026-06-07,,Bank of Amercia 9523,Healthcare Services
2026-09-07T21:21:39.690809,session_1788789280961_57gipq7se,update 06/07/2026,unparsed,,,,,,,,
2026-09-07T21:33:10.160333,session_1788798448940_nwsca8wc5,"Received $8,750 from Medicare for Healthcare Services into Bank of Amercia 9523 on 06/07/2026",create_transaction,CRV,8750.0,Medicare,Healthcare Services,2026-06-07,,Bank of Amercia 9523,Healthcare Services
2026-09-07T22:05:01.169144,session_1788798448940_nwsca8wc5,"Received $659.25 from John Smith for REVENUE/Healthcare Services, cheque 8891",create_transaction,CRV,659.25,John Smith,REVENUE/Healthcare Services,,8891,,REVENUE/Healthcare Services
2026-09-07T22:06:51.389699,session_1788798448940_nwsca8wc5,Received $659.25 from John Smith for REVENUE/Healthcare Serviceon bank meezan 1234,create_transaction,CRV,659.25,John Smith,REVENUE/Healthcare Serviceon bank meezan 1234,,,,REVENUE/Healthcare Serviceon bank meezan 1234
2026-09-07T22:07:18.206890,session_1788798448940_nwsca8wc5,Received $659.25 from John Smith for REVENUE/Healthcare Service on bank of amercia,create_transaction,CRV,659.25,John Smith,REVENUE/Healthcare Service on bank of amercia,,,,REVENUE/Healthcare Service on bank of amercia
2026-09-07T22:07:56.401207,session_1788798448940_nwsca8wc5,Received $659.25 from John Smith for REVENUE/Healthcare Service on bank of amercia 7/7/26,create_transaction,CRV,659.25,John Smith,REVENUE/Healthcare Service on bank of amercia,2026-07-07,,,REVENUE/Healthcare Service on bank of amercia
2026-09-07T22:13:27.709832,session_1788798448940_nwsca8wc5,"Received $8,750 from Medicare for Healthcare Services into Bank of Amercia 9523",create_transaction,CRV,8750.0,Medicare,Healthcare Services,,,Bank of Amercia 9523,Healthcare Services
2026-09-07T22:44:15.491829,session_1788798448940_nwsca8wc5,Received $659.25 from John Smith for REVENUE/Healthcare Service into bank of amercia 9523,create_transaction,CRV,659.25,John Smith,REVENUE/Healthcare Service,,,bank of amercia 9523,REVENUE/Healthcare Service
2026-09-08T00:22:05.130611,session_1788805097160_c6onpxom2,jsks,unparsed,,,,,,,,
2026-09-08T00:32:58.960688,session_1788809538554_d7mme4wmm,Received $659.25 from John Smith today on bank Meezan 1234,create_transaction,CRV,659.25,John Smith On Bank Meezan 1234,Receipt Voucher,2026-09-08,,,
2026-09-08T00:35:26.863272,session_1788809538554_d7mme4wmm,Received $659.25 from Medicare for Healthcare services into Bank Meezan 1234,create_transaction,CRV,659.25,Medicare,Healthcare services,,,Bank Meezan 1234,Healthcare services
2026-09-08T00:36:00.595497,session_1788809538554_d7mme4wmm,Received $659.25 from Medicare into Bank Meezan 1234,create_transaction,CRV,659.25,Medicare,Receipt Voucher,,,Bank Meezan 1234,
2026-09-08T00:36:33.177121,session_1788809538554_d7mme4wmm,Received $659.25 from Medicare for Healthcare services into bank Meezan 1234,create_transaction,CRV,659.25,Medicare,Healthcare services,,,bank Meezan 1234,Healthcare services
2026-09-08T14:43:16.945162,session_1788859725595_i6hnnfjln,Paid $450 to Handy Fix LLC for Repair and Maintenance from Bank of America 9523,create_transaction,CPV,450.0,Handy Fix LLC,Repair and Maintenance,,,Bank of America 9523,Repair and Maintenance
2026-09-08T14:43:50.151967,session_1788859725595_i6hnnfjln,Paid $450 to Handy Fix LLC for Repair and Maintenance from Bank of Amercia 9523,create_transaction,CPV,450.0,Handy Fix LLC,Repair and Maintenance,,,Bank of Amercia 9523,Repair and Maintenance
2026-09-08T14:44:37.415384,session_1788859725595_i6hnnfjln,Paid $450 to Handy Fix LLC from Bank of America 9523,create_transaction,CPV,450.0,Handy Fix LLC,Payment Voucher,,,Bank of America 9523,
2026-09-08T14:44:58.782990,session_1788859725595_i6hnnfjln,Paid $450 to Handy Fix LLC from Bank of Amercia 9523,create_transaction,CPV,450.0,Handy Fix LLC,Payment Voucher,,,Bank of Amercia 9523,
2026-09-08T14:46:09.874102,session_1788859725595_i6hnnfjln,Paid $450 3S from Bank of Amercia 9523,create_transaction,CPV,450.0,3S From Bank of Amercia 9523,Payment Voucher,,,Bank of Amercia 9523,
2026-09-08T14:46:38.243146,session_1788859725595_i6hnnfjln,Paid $450 to 3S from Bank of Amercia 9523,create_transaction,CPV,450.0,3S,Payment Voucher,,,Bank of Amercia 9523,
2026-09-08T18:37:05.742264,session_1788874576903_ft628hbok,Paid $450 to Handy Fix LLC for Repair and Maintenance from Bank of America 9523,create_transaction,CPV,450.0,Handy Fix LLC,Repair and Maintenance,,,Bank of America 9523,Repair and Maintenance
2026-09-08T18:37:22.977480,session_1788874576903_ft628hbok,Paid $450 to Handy Fix LLC for Repair and Maintenance from Bank of Amercia 9523,create_transaction,CPV,450.0,Handy Fix LLC,Repair and Maintenance,,,Bank of Amercia 9523,Repair and Maintenance
2026-09-08T18:39:02.025373,session_1788874576903_ft628hbok,Paid $450 to Handy Fix LLC for Repair and Maintenance from Bank of Amercia 952,create_transaction,CPV,450.0,Handy Fix LLC,Repair and Maintenance,,,Bank of Amercia 952,Repair and Maintenance
2026-09-08T20:24:34.067728,session_1788874417155_mo0rlxzxd,edit chart of accounts,unparsed,,,,,,,,
2026-09-08T21:50:35.054114,session_1788886196631_2a401re5j,Paid $450 to Handy Fix LLC for repair and maintenance from Bank of America 9523,create_transaction,CPV,450.0,Handy Fix LLC,repair and maintenance,,,Bank of America 9523,repair and maintenance
2026-09-08T21:53:12.389617,session_1788886196631_2a401re5j,"Add ABC Trading LLC as a new customer, phone 555-123-4567, email billing@abctrading.com",unparsed,,,,,,,,
2026-09-08T22:16:09.799331,session_1788887707131_lmds5b8y9,"Paid $1,200 to ABC Supplies for office supplies from Chase 4582",create_transaction,CPV,1200.0,ABC Supplies,office supplies,,,Chase 4582,office supplies
2026-09-08T22:16:51.492806,session_1788887707131_lmds5b8y9,Paid $750 to John Smith for consulting services from cash,create_transaction,CPV,750.0,John Smith,consulting services,,,cash,consulting services
2026-09-08T22:24:43.798447,session_1788887707131_lmds5b8y9,"Received $1,250 from ABC Trading for invoice 2045 into Chase Bank 4582",create_transaction,CRV,1250.0,ABC Trading,invoice 2045,,,Chase Bank 4582,invoice 2045
2026-09-08T22:48:31.811215,session_1788889686941_1u27yzwfi,Paid $450 to Handy Fix LLC for repair and maintenance from Bank of America 9523,create_transaction,CPV,450.0,Handy Fix LLC,repair and maintenance,,,Bank of America 9523,repair and maintenance
2026-09-08T22:50:41.943360,session_1788889686941_1u27yzwfi,Paid $450 to 3S for Healthcare services from Bank of America 9523,create_transaction,CPV,450.0,3S,Healthcare services,,,Bank of America 9523,Healthcare services
2026-09-08T22:51:15.446787,session_1788889686941_1u27yzwfi,Paid $450 to 3S for Healthcare services from Bank of Amercia 9523,create_transaction,CPV,450.0,3S,Healthcare services,,,Bank of Amercia 9523,Healthcare services
2026-09-08T22:55:35.199492,session_1788889686941_1u27yzwfi,Paid $450 to 3S for Healthcare services from Bank of America 9523,create_transaction,CPV,450.0,3S,Healthcare services,,,Bank of America 9523,Healthcare services
2026-09-09T00:17:58.807880,session_1788895020051_uog602row,Paid $750 to John Smith for consulting services from cash,create_transaction,CPV,750.0,John Smith,consulting services,,,cash,consulting services
2026-09-10T19:00:58.649225,session_1789048563657_5ub9ej58g,"Received $1,250 from ABC Trading for invoice 2045 into Chase Bank 4582",create_transaction,CRV,1250.0,ABC Trading,invoice 2045,,,Chase Bank 4582,invoice 2045
2026-09-10T19:03:08.887282,session_1789048953325_nldmcui93,Paid $450 to 3S for repair and maintenance from Bank of America 9523,create_transaction,CPV,450.0,3S,repair and maintenance,,,Bank of America 9523,repair and maintenance
2026-09-10T19:08:13.155571,session_1789048953325_nldmcui93,"Received $1,250 from ABC Trading for invoice 2045 into Chase Bank 4582",create_transaction,CRV,1250.0,ABC Trading,invoice 2045,,,Chase Bank 4582,invoice 2045
2026-09-10T19:12:07.751877,session_1789049504744_wlngub827,"Received $2,000 from ABC Trading for sales into Bank of America 9523",create_transaction,CRV,2000.0,ABC Trading,sales,,,Bank of America 9523,sales
2026-09-10T19:21:29.203604,session_1789049960528_moxblk56q,"Received $2,000 from ABC Trading for sales into Bank of America 9523",create_transaction,CRV,2000.0,ABC Trading,sales,,,Bank of America 9523,sales
2026-09-10T19:22:03.850908,session_1789049960528_moxblk56q,Received $750 cash from Handy Fix LLC for invoice 3050 today,create_transaction,CRV,750.0,Handy Fix LLC,invoice 3050,2026-09-10,,,invoice 3050
2026-09-10T19:24:52.979675,session_1789049960528_moxblk56q,change name to 3S on date 2026-09-04,unparsed,,,,,,,,
2026-09-10T19:25:10.986383,session_1789049960528_moxblk56q,2026-09-04 update name to 3S,unparsed,,,,,,,,
2026-09-10T19:25:35.956109,session_1789049960528_moxblk56q,update name to 3S 2026-09-04,unparsed,,,,,,,,
2026-09-10T19:25:53.057928,session_1789049960528_moxblk56q,Edit 2026-09-04 and change the amount to $500,unparsed,,,,,,,,
2026-09-10T19:27:57.302961,session_1789049960528_moxblk56q,Paid $750 to John Smith for consulting services from bank of amercia 9523,create_transaction,CPV,750.0,John Smith,consulting services,,,bank of amercia 9523,consulting services
2026-09-10T19:28:48.469095,session_1789050510071_e19551xqn,Paid $750 to John Smith for consulting services from bank of amercia 9523,create_transaction,CPV,750.0,John Smith,consulting services,,,bank of amercia 9523,consulting services
2026-09-10T19:29:57.121364,session_1789050572664_l2cfsjpck,"Received $2,000 from ABC Trading for sales into Bank of Amercia 9523",create_transaction,CRV,2000.0,ABC Trading,sales,,,Bank of Amercia 9523,sales
2026-09-10T20:01:10.982658,session_1789050572664_l2cfsjpck,2026-09-04 change name to 3S for all,unparsed,,,,,,,,
2026-09-10T20:04:09.168577,session_1789050572664_l2cfsjpck,change name to 3S for vouchers posted on 2026-09-04,unparsed,,,,,,,,
2026-09-10T20:59:20.487182,session_1789055463578_lpejs7x66,update customer Example456 name to Example567 phone number to 0001112233344,unparsed,,,,,,,,
2026-09-10T20:59:33.481174,session_1789055463578_lpejs7x66,update customer Example456 name to Example567,unparsed,,,,,,,,
2026-09-10T21:00:35.328695,session_1789055463578_lpejs7x66,Paid $0.00 to  3S for Software Subscriptions into Meexan bank 1234,create_transaction,CPV,0.0,3S,Software Subscriptions,,,Meexan bank 1234,Software Subscriptions
2026-09-10T21:00:52.325394,session_1789055463578_lpejs7x66,Paid $100 to  3S for Software Subscriptions into Meexan bank 1234,create_transaction,CPV,100.0,3S,Software Subscriptions,,,Meexan bank 1234,Software Subscriptions
2026-09-11T19:13:10.633672,session_1789135638616_6jo9ejxvz,paid 450 handy fix llc repair maintanence bofa 9523,create_transaction,CPV,450.0,450 Handy Fix LLC Repair Maintanence Bofa 9523,Payment Voucher,,,,
2026-09-11T19:23:16.499648,session_1789135638616_6jo9ejxvz,paid 450 handy fix llc repair maintanence bofa 9523,create_transaction,CPV,450.0,450 Handy Fix LLC Repair Maintanence Bofa 9523,Payment Voucher,,,,
2026-09-15T18:34:24.905354,session_1789479247487_fi4ll55ra,Paid $450 to Handy Fix LLC for repair and maintenance from Bank of America 9523,create_transaction,CPV,450.0,Handy Fix LLC,repair and maintenance,,,Bank of America 9523,repair and maintenance
